nino;nino;Antonino;Alestra;nino@gmail.com;via sandro sandri 81;1
kevinoh;ciaoATutti;Kevin;Aluthdurage;siciao@gmail.com;via via 12;2
nicolo;ciao123123;Nicolo;Baldari;nicoloBaldari@gmail.com;via petrarca 11;3
sandro;ciaooooooo; ; ; ; ;4
dababy;passwordBella;Alessandro;Rossi;alazrossi@gmail.com;via manzoni 13;5
